Generation,Average Fitness Score,Minimum Fitness Score,Maximum Fitness Score,Validated Chromosomes (Count)
349,3.64,0.19,4.1,84
350,3.55,0.0,4.1,80
1,-2.03,-5.26,-0.34,0
2,-1.86,-5.96,-0.34,0
351,3.59,-0.04,4.1,84
352,3.64,0.45,4.1,86
3,-1.97,-5.94,-0.34,0
353,3.63,-0.39,4.1,82
4,-1.54,-5.14,-0.21,0
354,3.69,0.53,4.1,86
5,-1.41,-4.39,-0.21,0
355,3.59,-0.82,4.1,84
356,3.62,0.26,4.1,82
6,-1.46,-5.4,-0.21,0
357,3.53,-1.48,4.1,84
7,-1.35,-5.95,-0.2,0
358,3.59,-0.78,4.1,83
8,-1.4,-4.6,-0.2,0
359,3.62,0.13,4.1,83
9,-1.46,-5.23,-0.06,0
360,3.67,0.07,4.1,84
361,3.51,0.01,4.1,81
10,-0.99,-3.29,-0.02,0
362,3.67,0.15,4.1,81
11,-0.98,-5.41,-0.02,0
363,3.67,-0.95,4.1,83
12,-0.67,-4.02,0.21,0
364,3.66,0.26,4.1,84
13,-0.61,-3.75,0.21,0
365,3.72,0.54,4.1,82
14,-0.39,-2.99,0.22,0
366,3.5,-0.86,4.1,80
367,3.69,-1.94,4.1,90
15,-0.34,-2.95,0.23,0
368,3.72,-0.04,4.1,89
16,-0.25,-3.66,0.33,0
369,3.63,-0.85,4.1,88
17,-0.23,-3.36,0.33,0
370,3.6,-0.02,4.1,82
371,3.68,0.95,4.1,85
18,-0.14,-2.73,0.43,0
19,-0.03,-2.65,0.53,0
372,3.72,-0.45,4.1,87
373,3.65,-0.49,4.1,84
20,-0.07,-3.57,0.53,0
374,3.62,0.13,4.1,83
21,0.15,-3.39,0.53,0
375,3.66,-0.67,4.1,85
376,3.62,0.63,4.1,80
22,-0.14,-3.31,0.53,0
377,3.5,-0.93,4.1,82
23,0.19,-4.04,0.53,0
378,3.67,0.34,4.1,84
24,-0.11,-3.42,0.61,0
379,3.77,-0.89,4.1,92
25,0.09,-4.17,0.61,0
380,3.55,-0.84,4.1,82
381,3.68,-0.88,4.1,86
26,0.02,-2.91,0.63,0
382,3.56,-0.49,4.1,81
27,0.07,-2.42,0.77,0
383,3.57,0.51,4.1,80
28,0.17,-2.39,0.77,0
384,3.67,0.74,4.1,84
29,0.24,-2.39,0.85,0
385,3.87,1.07,4.1,92
30,0.35,-2.2,1.17,0
386,3.66,0.51,4.1,83
387,3.62,0.08,4.1,85
31,0.52,-2.14,1.57,0
388,3.58,0.04,4.1,83
32,0.6,-1.87,1.57,0
389,3.61,0.0,4.1,85
33,0.78,-2.15,1.76,0
390,3.56,-0.46,4.1,83
34,0.89,-2.73,1.9,0
391,3.61,0.18,4.1,83
35,1.35,-1.77,1.9,0
392,3.56,-0.91,4.1,84
36,1.44,-1.58,1.97,0
393,3.45,0.04,4.1,81
37,1.65,-0.15,2.53,0
394,3.52,0.11,4.1,82
38,1.76,-0.31,2.56,0
395,3.62,0.13,4.1,83
39,1.91,-1.29,2.85,0
396,3.59,-0.86,4.1,87
40,2.12,-0.5,2.85,0
397,3.56,-0.92,4.1,82
41,2.4,0.93,3.91,4
398,3.54,0.08,4.1,80
42,2.48,1.01,3.98,12
399,3.66,0.96,4.1,81
43,2.52,0.44,3.98,13
400,3.56,-0.52,4.1,82
44,2.6,0.23,3.98,20
401,3.61,-0.97,4.1,83
45,3.25,1.02,3.98,63
402,3.57,-0.9,4.1,82
46,3.02,-0.53,3.98,48
403,3.57,-0.38,4.1,80
47,3.32,0.91,3.98,65
404,3.65,0.53,4.1,84
48,3.56,0.94,3.98,80
405,3.65,0.13,4.1,84
49,3.58,-0.07,3.98,87
406,3.61,-0.82,4.1,84
50,3.49,0.11,3.98,85
407,3.61,-0.01,4.1,83
51,3.53,0.39,3.98,82
408,3.7,0.09,4.1,85
52,3.45,0.48,3.98,81
409,3.5,-0.98,4.1,82
53,3.32,-1.25,3.98,80
410,3.6,-0.89,4.1,88
54,3.47,-0.18,3.98,84
411,3.68,0.56,4.1,84
55,3.59,-0.09,3.98,83
412,3.61,0.16,4.1,84
56,3.52,-0.67,3.98,80
413,3.83,1.57,4.1,87
57,3.57,0.89,3.98,82
414,3.62,0.04,4.1,84
58,3.57,0.06,3.98,80
415,3.64,-0.43,4.1,84
59,3.62,0.36,3.98,83
416,3.65,0.17,4.1,84
60,3.54,-0.2,3.98,80
417,3.65,0.31,4.1,85
61,3.55,0.51,3.98,82
418,3.6,-0.4,4.1,82
62,3.48,0.13,3.98,82
419,3.65,-1.11,4.1,86
63,3.5,-0.56,3.98,83
420,3.59,-0.16,4.1,85
64,3.44,-1.15,3.98,82
65,3.56,0.42,3.98,81
421,3.53,0.03,4.1,82
422,3.59,0.16,4.1,83
66,3.45,0.2,3.98,82
67,3.59,0.91,3.98,83
423,3.58,0.53,4.1,80
68,3.49,-0.57,3.98,83
424,3.53,-0.82,4.1,84
69,3.49,0.38,3.98,81
425,3.63,0.07,4.1,84
70,3.51,0.28,3.98,84
426,3.75,1.23,4.1,83
71,3.61,0.17,3.98,84
427,3.67,-0.56,4.1,86
72,3.6,-0.29,3.98,86
428,3.65,0.51,4.1,82
73,3.49,-0.08,3.98,82
429,3.71,0.99,4.1,83
74,3.48,-0.49,3.98,82
430,3.62,-0.41,4.1,86
75,3.5,-0.06,3.98,84
431,3.59,0.04,4.1,85
76,3.53,0.54,3.98,82
432,3.61,0.11,4.1,82
77,3.43,-0.18,3.98,80
433,3.65,0.53,4.1,87
78,3.58,1.03,3.98,82
434,3.57,0.08,4.1,84
79,3.56,-0.09,3.98,84
435,3.68,0.1,4.1,87
80,3.6,0.52,3.98,84
436,3.61,0.33,4.1,80
81,3.58,1.17,3.98,83
437,3.53,-0.65,4.1,84
82,3.56,-0.15,3.98,83
438,3.41,-0.84,4.1,80
83,3.49,-0.21,3.98,81
439,3.56,-0.91,4.1,84
84,3.55,0.85,3.98,80
440,3.63,-0.06,4.1,86
85,3.46,0.35,3.98,80
441,3.58,0.17,4.1,82
86,3.5,-1.45,3.98,80
442,3.59,0.56,4.1,86
87,3.55,-0.15,3.98,81
443,3.68,-0.9,4.1,87
88,3.52,0.44,3.98,80
444,3.63,-0.33,4.1,84
89,3.48,0.04,3.98,83
445,3.59,0.18,4.1,82
90,3.5,-0.46,3.98,83
446,3.66,-0.73,4.1,86
91,3.52,0.76,3.98,82
447,3.6,0.05,4.1,82
92,3.5,0.73,3.98,81
448,3.76,1.07,4.1,84
93,3.55,0.21,3.98,80
449,3.56,0.02,4.1,82
94,3.61,0.27,3.98,82
450,3.61,0.13,4.1,84
95,3.53,0.88,3.98,81
451,3.59,0.05,4.1,84
96,3.54,0.48,3.98,82
452,3.65,-0.01,4.1,84
97,3.56,0.89,3.98,81
453,3.65,0.51,4.1,83
98,3.55,0.52,3.98,82
454,3.77,0.62,4.1,87
99,3.5,-0.62,3.98,85
455,3.71,0.17,4.1,87
100,3.58,0.8,3.98,87
101,3.46,0.01,3.98,82
456,3.54,0.0,4.1,80
102,3.41,-0.02,3.98,82
457,3.41,-1.12,4.1,80
458,3.63,-1.49,4.1,86
103,3.54,0.48,3.98,81
104,3.56,0.97,3.98,82
459,3.57,0.1,4.1,84
105,3.53,0.42,3.98,85
460,3.51,-0.41,4.1,81
106,3.48,-0.18,3.98,84
461,3.71,0.01,4.1,86
107,3.55,0.79,3.98,84
462,3.65,-1.07,4.1,86
108,3.55,0.18,3.98,83
463,3.64,0.09,4.1,87
109,3.55,-0.11,3.98,82
464,3.59,-0.01,4.1,82
465,3.75,0.04,4.1,89
110,3.5,0.26,3.98,82
111,3.48,-0.61,3.98,85
466,3.61,0.08,4.1,80
112,3.64,0.83,3.98,84
467,3.68,0.05,4.1,85
113,3.5,0.67,3.98,81
468,3.72,0.58,4.1,87
114,3.47,0.2,3.98,81
469,3.55,0.02,4.1,81
115,3.57,0.97,3.98,82
470,3.57,0.16,4.11,84
116,3.52,1.0,3.98,84
471,3.57,-0.01,4.11,84
472,3.37,-0.44,4.11,76
117,3.5,0.14,3.98,82
473,3.51,0.04,4.11,74
118,3.59,0.95,3.98,83
119,3.47,0.01,3.98,83
474,3.57,0.14,4.11,74
120,3.46,-0.45,3.98,81
475,3.6,-0.54,4.11,85
121,3.5,-0.05,3.98,83
476,3.4,0.64,4.11,62
122,3.61,0.92,3.98,85
477,3.23,0.33,4.11,60
123,3.56,-0.01,3.98,82
478,3.29,0.19,4.11,61
124,3.52,0.17,3.98,81
479,3.36,0.2,4.11,67
480,3.32,0.24,4.11,63
125,3.49,0.36,3.98,83
126,3.54,0.62,3.98,82
481,3.64,-0.75,4.11,87
127,3.63,1.42,3.98,84
482,3.63,0.09,4.11,84
128,3.49,-0.05,3.98,81
483,3.67,1.03,4.11,86
129,3.53,0.95,3.98,80
484,3.73,0.08,4.11,88
130,3.45,-1.07,3.98,80
485,3.68,0.03,4.11,87
131,3.51,1.02,3.98,80
486,3.76,0.51,4.11,87
132,3.53,0.49,3.98,81
487,3.54,-0.87,4.11,87
133,3.57,0.92,3.98,81
488,3.62,-0.41,4.11,84
134,3.57,-0.02,3.98,84
489,3.6,0.15,4.11,86
135,3.54,0.52,3.98,82
490,3.65,-0.42,4.11,83
136,3.54,0.58,3.98,84
491,3.51,0.16,4.11,82
137,3.54,0.1,3.98,84
492,3.64,0.07,4.11,84
138,3.57,0.94,3.98,84
493,3.67,0.04,4.11,83
139,3.54,0.76,3.98,81
494,3.74,-0.48,4.11,90
140,3.59,0.67,3.98,85
495,3.75,0.07,4.11,88
141,3.49,-0.86,3.98,82
496,3.64,-0.92,4.11,86
142,3.6,0.86,3.98,86
497,3.7,0.64,4.11,84
143,3.42,-0.07,3.98,81
498,3.61,-0.92,4.11,84
144,3.43,-0.21,3.98,82
499,3.7,0.52,4.11,85
145,3.47,-1.04,3.98,84
500,3.6,-0.92,4.11,84
146,3.57,0.45,3.98,84
501,3.66,-0.82,4.11,83
147,3.56,-0.49,3.98,83
502,3.72,-2.04,4.11,87
148,3.49,-0.03,3.98,82
503,3.79,0.19,4.11,89
149,3.55,0.51,3.98,82
504,3.62,-0.94,4.11,81
150,3.56,0.08,3.98,81
505,3.77,0.12,4.11,88
151,3.48,0.04,3.98,82
506,3.65,-0.06,4.11,86
152,3.48,-0.46,3.98,83
507,3.71,-0.72,4.11,84
153,3.46,-0.52,3.98,82
508,3.72,-0.33,4.11,84
154,3.48,0.07,3.98,84
509,3.59,-0.83,4.11,86
155,3.6,0.04,3.98,88
510,3.73,0.03,4.15,86
156,3.52,-0.02,3.98,81
511,3.69,-0.03,4.15,89
157,3.59,0.9,3.98,82
512,3.53,-0.95,4.15,81
158,3.51,0.07,3.98,82
513,3.72,0.03,4.15,86
159,3.56,-1.23,3.98,82
514,3.62,0.09,4.15,83
160,3.51,-0.11,3.98,83
515,3.6,-0.89,4.15,82
161,3.56,0.74,3.98,81
516,3.72,0.17,4.15,84
162,3.59,0.8,3.98,85
517,3.56,0.12,4.15,80
163,3.62,0.94,3.98,84
518,3.56,-0.87,4.15,83
164,3.56,0.9,3.98,82
519,3.61,-0.32,4.15,85
165,3.48,0.58,3.98,80
520,3.59,-0.04,4.15,82
166,3.47,0.11,3.98,82
521,3.66,0.1,4.15,84
167,3.56,0.86,3.98,85
522,3.62,-0.33,4.15,83
168,3.52,0.47,3.98,82
523,3.54,-0.89,4.15,83
169,3.51,-0.11,3.98,82
524,3.8,0.64,4.15,90
170,3.54,0.35,3.98,81
525,3.61,-0.93,4.15,85
171,3.49,-0.01,3.98,83
526,3.67,0.55,4.15,86
172,3.61,0.94,3.98,84
527,3.74,0.1,4.15,83
173,3.64,1.35,3.98,83
528,3.81,1.11,4.15,88
174,3.55,0.38,3.98,81
529,3.64,0.06,4.15,80
175,3.58,0.89,3.98,83
530,3.76,0.7,4.15,85
176,3.53,0.1,3.98,80
531,3.65,0.09,4.15,82
177,3.42,-0.03,3.98,80
532,3.76,0.98,4.15,88
178,3.52,0.48,3.98,84
533,3.65,0.01,4.15,86
179,3.41,-2.0,3.98,83
534,3.6,-0.94,4.15,84
180,3.49,-0.05,3.98,81
535,3.66,0.07,4.15,86
181,3.47,-1.09,3.98,82
536,3.74,0.19,4.15,88
182,3.45,-0.13,3.98,82
537,3.76,0.94,4.15,84
183,3.59,-0.5,3.98,84
538,3.73,0.09,4.15,86
184,3.52,-0.82,3.98,84
539,3.73,0.01,4.15,85
185,3.55,0.92,3.98,83
540,3.78,0.06,4.15,87
186,3.49,-0.05,3.98,81
541,3.59,0.09,4.15,83
187,3.52,0.03,3.98,82
542,3.7,0.59,4.15,82
188,3.46,-0.09,3.98,81
543,3.62,-0.3,4.15,83
189,3.58,0.51,3.98,82
544,3.78,-0.28,4.15,86
190,3.46,-0.0,3.98,82
545,3.67,0.66,4.15,82
191,3.54,0.45,3.98,80
192,3.56,0.08,3.98,86
546,3.77,0.14,4.15,88
193,3.51,-0.18,3.98,82
547,3.71,0.09,4.15,86
548,3.72,0.07,4.15,86
194,3.65,1.01,3.98,86
195,3.57,0.89,3.98,87
549,3.64,-0.3,4.15,83
196,3.48,0.07,3.98,82
550,3.56,0.05,4.15,81
551,3.59,0.33,4.15,82
197,3.59,-0.03,3.98,84
552,3.66,0.0,4.15,85
198,3.54,0.79,3.98,80
553,3.57,-0.81,4.15,87
199,3.51,0.89,3.98,80
554,3.73,-0.38,4.15,88
200,3.57,0.01,3.98,83
201,3.55,0.45,3.98,84
555,3.59,-0.31,4.15,82
202,3.55,0.46,3.98,82
556,3.68,-0.02,4.15,86
557,3.74,0.64,4.15,87
203,3.56,0.82,3.98,82
558,3.65,-0.2,4.15,84
204,3.59,1.38,3.98,82
559,3.68,-0.98,4.15,88
205,3.53,-0.89,3.98,82
560,3.6,-0.31,4.15,81
206,3.56,0.79,3.98,83
561,3.64,0.05,4.15,85
207,3.51,0.83,3.98,80
562,3.68,-0.85,4.15,88
208,3.67,0.8,3.98,87
563,3.71,0.01,4.15,84
209,3.53,0.42,3.98,80
564,3.7,0.22,4.15,85
210,3.42,-1.05,3.98,81
565,3.6,-0.93,4.15,83
211,3.41,0.0,3.98,80
566,3.63,-0.44,4.15,82
212,3.52,0.92,3.98,80
567,3.76,0.14,4.15,88
213,3.58,-0.25,3.98,84
568,3.63,-0.86,4.15,84
214,3.57,1.11,3.98,80
569,3.69,0.1,4.15,88
215,3.49,0.55,3.98,80
570,3.55,-0.11,4.15,82
216,3.64,0.95,3.98,84
571,3.8,0.53,4.15,90
217,3.53,0.96,3.98,84
572,3.66,0.01,4.15,84
218,3.59,1.07,3.98,81
573,3.75,-0.39,4.15,86
219,3.45,-1.15,3.98,83
574,3.76,0.14,4.15,88
220,3.57,-0.09,3.98,85
575,3.64,-0.42,4.15,81
221,3.46,-0.52,3.98,80
576,3.64,0.11,4.15,84
222,3.59,1.01,3.98,88
223,3.49,-0.23,3.98,80
577,3.77,-0.03,4.15,93
578,3.55,-0.83,4.15,83
224,3.58,0.07,3.98,82
579,3.63,-0.44,4.15,82
225,3.58,0.83,3.98,84
580,3.82,1.14,4.15,88
226,3.52,-0.23,3.98,80
581,3.74,0.69,4.15,88
227,3.5,0.21,3.98,80
582,3.53,-1.48,4.15,81
228,3.51,0.55,3.98,82
229,3.5,0.34,3.98,83
583,3.67,-0.03,4.15,84
584,3.65,0.05,4.15,84
230,3.43,-0.42,3.98,80
585,3.61,0.07,4.15,84
231,3.52,0.52,3.98,82
586,3.76,1.11,4.15,87
232,3.53,0.86,3.98,83
587,3.72,0.15,4.15,86
233,3.63,0.98,3.98,84
588,3.79,1.43,4.15,88
234,3.5,-0.54,3.98,82
589,3.76,0.19,4.15,87
235,3.57,0.49,3.98,84
590,3.68,-0.88,4.15,86
236,3.57,0.97,3.98,81
237,3.53,0.97,3.98,82
591,3.66,0.61,4.15,82
592,3.6,-0.78,4.15,81
238,3.41,-1.05,3.98,82
593,3.61,-0.83,4.15,83
239,3.55,-0.23,3.98,81
594,3.73,0.54,4.15,84
240,3.53,0.27,3.98,84
595,3.64,0.05,4.15,83
241,3.52,-0.05,3.98,84
596,3.67,0.65,4.15,83
242,3.49,-1.03,3.98,83
243,3.49,-0.18,3.98,82
597,3.77,0.62,4.15,85
244,3.5,-0.42,3.98,83
598,3.69,0.69,4.15,82
599,3.71,-0.33,4.15,87
245,3.58,1.2,3.98,82
600,3.61,0.43,4.15,84
246,3.52,0.07,3.98,80
601,3.66,0.08,4.15,86
247,3.51,0.39,3.98,83
602,3.69,0.1,4.15,82
248,3.54,0.58,3.98,81
603,3.65,0.35,4.15,82
249,3.61,1.42,3.98,81
250,3.48,-0.08,3.98,80
604,3.69,0.6,4.15,83
251,3.53,0.09,3.98,82
605,3.62,-1.78,4.15,89
606,3.75,0.01,4.15,87
252,3.61,0.94,3.98,85
607,3.52,-0.74,4.15,82
253,3.49,-0.21,3.98,82
608,3.67,0.1,4.15,87
254,3.49,0.87,3.98,81
609,3.6,-0.89,4.15,80
255,3.6,0.15,3.98,82
610,3.73,0.59,4.15,84
256,3.5,-0.55,3.98,82
611,3.69,-0.87,4.15,85
257,3.48,-0.0,3.98,82
612,3.73,1.14,4.15,84
258,3.49,0.08,3.98,83
613,3.68,0.11,4.15,85
259,3.58,-0.4,3.98,85
614,3.7,-0.82,4.15,87
260,3.51,-0.54,3.98,82
615,3.79,-0.01,4.15,88
261,3.63,0.42,3.98,88
616,3.74,-0.74,4.15,88
262,3.58,0.64,3.98,85
617,3.75,0.17,4.15,86
263,3.51,-0.48,3.98,82
618,3.62,-0.04,4.15,84
264,3.46,0.04,3.98,80
619,3.63,-0.04,4.15,82
265,3.53,0.91,3.98,80
620,3.57,0.05,4.15,84
266,3.54,0.68,3.98,82
621,3.7,-0.08,4.15,88
267,3.54,0.22,3.98,82
622,3.78,-0.05,4.15,87
268,3.5,0.92,3.98,80
623,3.73,0.26,4.15,84
269,3.56,0.2,3.98,84
624,3.81,1.1,4.15,90
270,3.52,0.82,3.98,81
625,3.66,0.17,4.15,81
271,3.5,-0.79,3.98,80
272,3.57,0.15,3.98,81
626,3.65,0.1,4.15,83
627,3.74,-0.83,4.15,88
273,3.48,-0.39,3.98,81
628,3.58,-0.8,4.15,84
274,3.44,-0.57,3.98,82
629,3.62,0.15,4.15,82
275,3.53,0.48,3.98,81
630,3.71,-0.34,4.15,90
276,3.44,0.39,3.98,80
631,3.66,-0.43,4.15,87
277,3.57,-0.11,3.98,85
632,3.59,0.08,4.15,82
278,3.56,0.92,3.98,82
633,3.78,1.11,4.15,88
279,3.49,-0.11,3.98,84
634,3.63,0.04,4.15,83
280,3.62,0.93,3.98,83
635,3.74,-0.31,4.15,90
281,3.52,0.15,3.98,85
636,3.68,0.07,4.15,86
282,3.52,1.01,3.98,80
637,3.83,0.54,4.15,90
283,3.52,-0.02,3.98,83
638,3.57,-0.73,4.15,84
284,3.51,0.55,3.98,81
639,3.67,-0.39,4.15,89
285,3.47,0.57,3.98,80
640,3.61,-0.02,4.15,82
286,3.55,0.04,3.98,82
641,3.75,-0.01,4.15,89
287,3.56,-1.57,3.98,86
642,3.67,-0.04,4.15,88
288,3.54,0.79,3.98,80
289,3.57,0.82,3.98,85
643,3.75,0.05,4.15,87
290,3.5,0.07,3.98,80
644,3.81,0.1,4.15,92
291,3.48,-0.03,3.98,80
645,3.58,0.05,4.15,84
292,3.49,-0.98,3.98,80
646,3.74,0.1,4.15,87
647,3.71,0.58,4.15,85
293,3.49,0.18,3.98,80
648,3.64,0.4,4.15,82
294,3.5,-1.05,3.98,82
295,3.51,-0.07,3.98,85
649,3.65,0.07,4.15,86
296,3.59,0.92,3.98,83
650,3.69,-0.24,4.15,84
297,3.56,0.49,3.98,85
651,3.66,0.23,4.15,84
298,3.54,0.04,3.98,83
652,3.6,0.04,4.15,83
299,3.53,-0.11,3.98,82
653,3.7,-0.91,4.15,85
654,3.65,-0.03,4.15,86
300,3.49,0.35,3.98,82
301,3.6,0.76,3.98,82
655,3.8,0.65,4.15,90
302,3.51,0.9,3.98,81
656,3.69,0.09,4.15,86
303,3.58,0.27,3.98,83
657,3.62,-0.17,4.15,86
304,3.45,-0.24,3.98,83
658,3.66,-0.03,4.15,82
305,3.61,0.95,3.98,84
659,3.64,-1.61,4.15,87
306,3.49,-1.05,3.98,84
660,3.67,0.65,4.15,84
661,3.58,-1.0,4.15,83
307,3.57,0.28,3.98,83
308,3.43,0.1,3.98,81
662,3.76,-0.94,4.15,90
309,3.43,-0.05,3.98,85
663,3.65,-0.39,4.15,86
310,3.46,0.36,3.98,82
664,3.71,0.59,4.15,86
311,3.47,0.1,3.98,81
665,3.66,-0.3,4.15,83
312,3.66,1.06,3.98,86
666,3.78,-0.0,4.15,88
313,3.58,0.9,3.98,82
667,3.58,-0.81,4.15,84
668,3.62,-0.39,4.15,83
314,3.64,0.42,3.98,87
315,3.6,0.94,3.98,83
669,3.65,0.08,4.15,82
316,3.41,-0.66,3.98,80
670,3.74,0.02,4.15,90
317,3.65,0.48,3.98,87
671,3.71,0.11,4.15,86
318,3.52,0.46,3.98,82
672,3.68,0.17,4.15,82
319,3.46,0.21,3.98,81
673,3.75,0.08,4.15,87
320,3.49,-0.21,3.98,81
674,3.82,0.69,4.15,88
675,3.79,1.17,4.15,88
321,3.4,-0.15,3.98,82
322,3.51,-0.8,3.98,84
676,3.84,1.14,4.15,90
323,3.59,0.8,3.98,82
677,3.52,-0.94,4.15,82
324,3.49,0.02,3.98,82
678,3.76,0.6,4.15,87
325,3.6,0.88,3.98,82
679,3.68,0.09,4.15,88
326,3.56,0.2,3.98,85
680,3.79,0.58,4.15,89
327,3.64,0.95,3.98,85
681,3.61,-0.86,4.15,88
682,3.68,0.15,4.15,86
328,3.49,-0.14,3.98,82
683,3.71,0.67,4.15,84
329,3.46,-0.83,3.98,83
330,3.58,1.1,3.98,81
684,3.55,-0.96,4.15,83
331,3.47,0.42,3.98,81
685,3.73,0.55,4.15,86
332,3.55,1.12,3.98,80
686,3.6,-0.27,4.15,84
333,3.48,-0.55,3.98,81
687,3.65,0.05,4.15,84
334,3.5,0.77,3.98,80
688,3.63,-0.98,4.15,85
689,3.7,-0.86,4.15,85
335,3.6,-0.08,3.98,84
690,3.66,-0.28,4.15,86
336,3.49,0.21,3.98,81
337,3.48,0.07,3.98,80
691,3.7,0.14,4.15,86
338,3.49,0.83,3.98,80
692,3.72,-0.96,4.15,90
339,3.52,-0.09,3.98,85
693,3.63,0.58,4.15,83
340,3.57,0.46,3.98,81
694,3.59,-0.81,4.15,82
695,3.56,0.03,4.15,82
341,3.5,0.1,3.98,82
696,3.77,0.05,4.15,88
342,3.54,0.35,3.98,82
697,3.74,0.2,4.15,86
343,3.52,0.21,3.98,85
344,3.58,0.17,3.98,82
698,3.76,-0.38,4.19,85
345,3.54,0.42,3.98,83
699,3.6,-1.49,4.19,87
346,3.55,0.55,3.98,82
700,3.82,0.5,4.19,88
347,3.72,1.86,3.98,85
701,3.67,0.04,4.19,82
348,3.49,-0.08,3.98,84
702,3.6,-0.81,4.19,82
349,3.59,0.07,3.98,87
703,3.74,0.15,4.19,86
350,3.56,1.08,3.98,82
704,3.75,0.02,4.19,86
351,3.53,-0.46,3.98,82
705,3.68,0.12,4.19,84
352,3.49,1.01,3.98,80
706,3.73,0.62,4.19,85
353,3.58,1.0,3.98,84
707,3.73,0.69,4.19,86
354,3.43,0.14,3.98,82
708,3.71,-0.28,4.19,85
355,3.54,-0.83,3.98,84
709,3.54,-0.3,4.19,80
356,3.48,0.11,3.98,80
710,3.72,0.08,4.19,83
357,3.62,0.55,3.98,87
711,3.81,0.09,4.19,87
358,3.62,0.2,3.98,84
712,3.72,0.59,4.19,85
359,3.59,0.42,3.98,83
713,3.55,-0.85,4.19,82
360,3.56,0.42,3.98,81
714,3.56,0.02,4.19,83
361,3.55,0.55,3.98,82
715,3.73,-0.45,4.19,89
362,3.56,-0.24,3.98,83
716,3.64,-0.93,4.19,84
363,3.55,0.21,3.98,84
717,3.78,0.65,4.19,85
364,3.48,0.42,3.98,80
718,3.62,-0.89,4.19,86
365,3.52,0.88,3.98,83
719,3.63,-0.88,4.19,86
366,3.42,-0.65,3.98,82
720,3.69,-1.0,4.19,83
367,3.5,0.35,3.98,86
721,3.55,-0.87,4.19,84
368,3.52,-0.18,3.98,84
722,3.78,0.19,4.19,86
369,3.53,-0.71,3.98,85
723,3.68,-1.36,4.19,82
370,3.42,-0.39,3.98,81
724,3.71,-0.0,4.19,82
371,3.59,-0.11,3.98,82
725,3.74,-0.13,4.19,87
372,3.53,-0.96,3.98,82
373,3.5,-1.14,3.98,84
726,3.59,-0.82,4.19,84
374,3.52,-0.06,3.98,84
727,3.74,0.05,4.19,86
375,3.62,1.06,3.98,84
728,3.74,-0.8,4.19,86
729,3.83,0.69,4.19,89
376,3.49,0.86,3.98,82
730,3.7,0.05,4.19,86
377,3.59,1.08,3.98,83
731,3.66,-0.7,4.19,85
378,3.59,0.26,3.98,80
379,3.57,1.0,3.98,82
732,3.68,0.11,4.19,86
380,3.59,0.77,3.98,86
733,3.88,0.95,4.19,90
381,3.58,1.35,3.98,80
734,3.7,0.13,4.19,82
382,3.54,0.79,3.98,82
735,3.66,0.17,4.19,84
736,3.84,0.44,4.19,88
383,3.5,0.71,3.98,85
737,3.79,-0.69,4.19,85
384,3.5,0.04,3.98,82
738,3.72,0.02,4.19,84
385,3.62,0.91,3.98,86
386,3.52,0.93,3.98,80
739,3.77,-0.72,4.19,90
387,3.5,0.08,3.98,80
740,3.73,0.54,4.19,81
388,3.32,-0.2,3.98,80
741,3.83,1.02,4.19,87
389,3.47,-0.04,3.98,80
742,3.72,0.15,4.19,86
743,3.64,0.23,4.19,81
390,3.43,-0.24,3.98,80
391,3.6,1.06,3.98,83
744,3.74,-0.91,4.19,88
392,3.49,-0.14,3.98,82
745,3.77,-0.84,4.19,87
393,3.55,0.07,3.98,84
746,3.73,-0.2,4.19,88
394,3.56,0.76,3.98,82
747,3.71,0.1,4.19,80
395,3.57,-0.05,3.98,83
748,3.59,0.16,4.19,82
396,3.52,-0.52,3.98,82
749,3.69,0.08,4.19,88
397,3.45,0.21,3.98,80
750,3.8,0.63,4.19,90
398,3.51,-0.66,3.98,82
751,3.78,0.08,4.19,86
399,3.44,-0.11,3.98,82
752,3.69,0.16,4.19,86
400,3.52,-0.76,3.98,82
753,3.76,-0.23,4.19,88
401,3.52,-0.18,3.98,82
754,3.72,0.0,4.19,86
402,3.55,0.6,3.98,83
755,3.59,-0.86,4.19,81
403,3.53,0.08,3.98,81
756,3.8,1.05,4.19,86
404,3.54,-0.02,3.98,83
757,3.76,0.08,4.19,87
405,3.57,1.15,3.98,81
758,3.64,-0.99,4.19,80
406,3.51,-0.34,3.98,87
759,3.77,-0.04,4.19,91
407,3.44,-0.05,3.98,82
760,3.65,-0.93,4.19,82
408,3.46,-0.11,3.98,80
761,3.71,0.02,4.19,86
409,3.59,0.83,3.98,84
762,3.68,-0.0,4.19,82
410,3.58,0.89,3.98,84
763,3.68,-0.75,4.19,86
411,3.47,0.06,3.98,80
764,3.75,0.24,4.19,84
412,3.42,-0.77,3.98,80
765,3.75,0.01,4.19,86
413,3.52,-0.14,3.98,82
766,3.71,-0.28,4.19,84
414,3.6,0.99,3.98,81
767,3.69,0.13,4.19,82
415,3.54,0.92,3.98,81
768,3.81,1.05,4.19,86
416,3.51,0.04,3.98,81
769,3.69,-0.93,4.19,83
417,3.55,-0.05,3.98,82
770,3.62,0.17,4.19,84
418,3.51,0.41,3.98,80
771,3.83,0.27,4.19,90
419,3.56,-0.37,3.98,83
772,3.75,0.22,4.19,88
420,3.47,0.12,3.98,80
773,3.56,-1.43,4.19,82
421,3.57,-1.51,3.98,87
422,3.48,-0.11,3.98,83
774,3.58,-0.87,4.19,84
423,3.5,-1.11,3.98,81
775,3.68,-0.83,4.19,86
776,3.77,0.15,4.19,86
424,3.41,-0.21,3.98,81
777,3.64,0.02,4.19,84
425,3.56,0.12,3.98,80
778,3.7,-0.8,4.19,83
426,3.58,0.91,3.98,83
779,3.7,0.01,4.19,87
427,3.59,0.22,3.98,84
780,3.7,0.03,4.19,85
428,3.58,0.89,3.98,84
429,3.36,-0.14,3.98,80
781,3.8,0.08,4.19,89
430,3.45,0.01,3.98,81
782,3.78,0.55,4.19,85
431,3.55,-0.02,3.98,82
783,3.79,-0.84,4.19,87
432,3.63,1.15,3.98,85
784,3.73,-0.9,4.19,87
433,3.56,0.97,3.98,81
785,3.75,0.14,4.19,84
434,3.52,0.07,3.98,81
786,3.78,-0.16,4.19,88
435,3.5,-0.05,3.98,82
787,3.73,-0.46,4.19,90
436,3.51,0.83,3.98,82
788,3.78,-1.04,4.19,88
437,3.46,-0.03,3.98,80
789,3.75,0.11,4.19,86
438,3.52,0.9,3.98,80
790,3.79,0.22,4.19,86
439,3.52,0.9,3.98,83
791,3.58,0.05,4.19,82
440,3.52,0.52,3.98,82
792,3.72,0.08,4.19,85
441,3.62,1.21,3.98,82
793,3.58,0.02,4.19,80
442,3.57,0.45,3.98,82
794,3.66,-0.02,4.19,82
443,3.67,1.29,3.98,85
795,3.63,-0.88,4.19,82
444,3.59,1.17,3.98,81
796,3.65,-0.35,4.19,83
445,3.51,0.45,3.98,81
797,3.73,0.13,4.19,86
446,3.63,0.02,3.98,87
798,3.8,-0.38,4.19,86
447,3.59,-0.1,3.98,84
799,3.76,0.52,4.19,87
448,3.55,0.58,3.98,82
800,3.77,-0.88,4.19,87
449,3.44,-0.8,3.98,80
801,3.78,1.37,4.19,82
450,3.47,-0.82,3.98,83
802,3.68,-0.3,4.19,84
451,3.61,0.28,3.98,86
803,3.72,-0.91,4.19,85
452,3.53,0.92,3.98,80
804,3.73,-0.39,4.19,87
453,3.56,0.95,3.98,81
805,3.69,0.66,4.19,83
454,3.6,0.42,3.98,85
806,3.75,1.1,4.19,84
455,3.52,0.52,3.98,81
807,3.74,0.18,4.19,86
456,3.56,0.99,3.98,82
457,3.58,1.39,3.98,82
808,3.58,-0.5,4.19,84
458,3.52,0.29,3.98,83
809,3.69,0.6,4.19,82
810,3.67,-0.92,4.19,84
459,3.44,0.06,3.98,80
811,3.68,-0.34,4.19,86
460,3.49,-0.2,3.98,80
812,3.74,0.23,4.19,83
461,3.52,-0.52,3.98,80
813,3.71,-0.31,4.19,84
462,3.46,-0.8,3.98,81
814,3.77,0.66,4.19,85
463,3.59,0.14,3.98,87
464,3.5,0.38,3.98,80
815,3.66,-0.87,4.19,83
465,3.49,-0.12,3.98,82
816,3.55,-0.04,4.19,82
817,3.64,-1.0,4.19,86
466,3.48,-0.36,3.98,80
818,3.77,0.06,4.19,85
467,3.47,-0.05,3.98,85
468,3.55,0.95,3.98,80
819,3.65,0.1,4.19,83
469,3.59,0.48,3.98,81
820,3.74,0.08,4.19,86
470,3.55,0.38,3.98,84
821,3.79,0.08,4.19,90
471,3.59,-0.15,3.98,82
822,3.68,-0.74,4.19,86
472,3.46,-0.04,3.98,81
823,3.68,-0.85,4.19,84
473,3.59,1.01,3.98,81
824,3.74,0.03,4.19,87
474,3.48,-0.45,3.98,80
825,3.79,-0.58,4.19,92
475,3.59,-0.02,3.98,83
826,3.85,0.14,4.19,88
476,3.62,1.01,3.98,84
827,3.71,0.09,4.19,86
477,3.5,-0.36,3.98,82
828,3.8,-0.15,4.19,89
478,3.47,-0.59,3.98,82
829,3.75,-0.36,4.19,90
479,3.52,-0.02,3.98,81
830,3.81,1.47,4.19,86
480,3.56,-0.01,3.98,82
831,3.71,0.13,4.19,84
481,3.48,0.01,3.98,80
832,3.57,-0.8,4.19,84
482,3.42,-0.63,3.98,80
833,3.53,-0.48,4.19,84
483,3.51,-0.21,3.98,82
834,3.62,-0.82,4.19,85
484,3.53,0.09,3.98,82
835,3.74,0.07,4.19,86
485,3.54,0.91,3.98,82
836,3.68,-0.41,4.19,80
486,3.48,-0.79,3.98,82
837,3.7,-0.56,4.19,86
487,3.49,0.23,3.98,82
838,3.63,-0.96,4.19,84
488,3.46,0.01,3.98,80
839,3.66,-0.44,4.19,85
489,3.56,0.38,3.98,84
840,3.79,-0.76,4.19,89
490,3.55,0.89,3.98,82
841,3.65,0.35,4.19,84
491,3.53,0.83,3.98,80
842,3.7,0.07,4.19,84
492,3.48,-0.46,3.98,82
843,3.64,-0.39,4.19,83
493,3.43,-0.61,3.98,82
844,3.7,0.54,4.19,83
494,3.56,0.92,3.98,81
845,3.7,-0.87,4.19,82
495,3.56,-0.66,3.98,83
846,3.69,0.08,4.19,85
496,3.54,0.01,3.98,85
847,3.9,0.49,4.19,90
497,3.52,0.27,3.98,83
848,3.67,-0.85,4.19,83
498,3.48,-0.35,3.98,82
499,3.44,0.4,3.98,82
849,3.68,0.69,4.19,82
850,3.77,0.98,4.19,84
500,3.6,0.59,3.98,83
851,3.92,1.04,4.19,93
501,3.58,0.18,3.98,87
852,3.71,0.32,4.19,86
502,3.46,-0.08,3.98,82
853,3.66,0.02,4.19,84
503,3.49,0.1,3.98,83
854,3.59,-2.36,4.19,84
504,3.58,1.14,3.98,84
855,3.65,-0.38,4.19,88
505,3.47,-0.99,3.98,83
506,3.51,-0.23,3.98,82
856,3.85,1.27,4.19,94
857,3.63,0.68,4.19,80
507,3.5,0.92,3.98,83
858,3.75,0.17,4.19,86
508,3.48,-0.17,3.98,83
859,3.84,0.96,4.19,87
509,3.61,1.11,3.98,85
860,3.73,0.1,4.19,87
510,3.38,-0.09,3.98,81
861,3.8,0.44,4.19,88
511,3.56,-0.65,3.98,84
862,3.69,0.2,4.19,84
512,3.55,0.82,3.98,81
513,3.5,-0.58,3.98,82
863,3.69,0.19,4.19,86
864,3.67,0.12,4.19,83
514,3.46,-0.97,3.98,84
515,3.43,-0.52,3.98,82
865,3.7,0.14,4.19,87
516,3.58,0.84,3.98,85
866,3.66,-0.97,4.19,84
517,3.58,0.15,3.98,80
867,3.62,0.13,4.19,85
518,3.57,0.42,3.98,83
868,3.77,-0.93,4.19,87
519,3.62,1.32,3.98,88
869,3.72,0.08,4.19,88
520,3.52,0.07,3.98,82
870,3.62,0.08,4.19,82
521,3.46,-0.12,3.98,80
871,3.61,0.05,4.19,81
522,3.48,-0.17,3.98,84
872,3.73,0.11,4.19,84
523,3.53,-0.12,3.98,82
873,3.61,-2.06,4.19,83
524,3.55,-0.48,3.98,87
874,3.54,-0.48,4.19,80
525,3.59,0.79,3.98,86
875,3.78,1.07,4.19,88
526,3.57,0.51,3.98,85
876,3.69,0.15,4.19,86
527,3.5,-0.26,3.98,83
877,3.64,-0.39,4.19,84
528,3.5,0.03,3.98,80
878,3.57,-0.41,4.19,82
529,3.49,-0.06,3.98,83
879,3.78,0.21,4.19,84
530,3.66,1.1,3.98,85
880,3.85,0.51,4.19,91
531,3.59,0.95,3.98,83
881,3.59,-0.9,4.19,82
532,3.63,1.11,3.98,83
882,3.64,-0.44,4.19,83
533,3.61,0.82,3.98,82
883,3.66,0.14,4.19,84
534,3.52,-0.86,3.98,83
884,3.75,0.2,4.19,88
535,3.58,-0.08,3.98,87
885,3.71,-0.1,4.19,88
536,3.53,-1.11,3.98,81
886,3.8,1.14,4.19,87
537,3.46,0.2,3.98,80
887,3.75,1.02,4.19,82
538,3.51,-0.17,3.98,82
888,3.76,0.63,4.19,87
539,3.51,-0.18,3.98,83
889,3.81,1.14,4.19,86
540,3.64,0.23,3.98,90
890,3.64,0.14,4.19,84
541,3.49,-0.1,3.98,80
891,3.62,-0.79,4.19,83
542,3.5,0.15,3.98,80
892,3.66,0.53,4.19,84
543,3.4,-0.66,3.98,80
893,3.78,-0.02,4.19,84
544,3.56,0.1,3.98,84
894,3.67,-0.01,4.19,86
545,3.65,1.35,3.98,86
895,3.62,-0.84,4.19,82
546,3.48,0.21,3.98,82
896,3.65,-0.03,4.19,81
547,3.52,0.58,3.98,82
897,3.76,-1.03,4.19,87
548,3.5,0.51,3.98,82
898,3.69,-0.8,4.19,86
549,3.47,-0.17,3.98,82
899,3.71,0.18,4.19,82
550,3.57,0.99,3.98,86
900,3.72,-0.62,4.19,85
551,3.57,1.29,3.98,81
901,3.84,0.19,4.19,89
552,3.51,0.42,3.98,80
902,3.67,0.17,4.19,82
553,3.53,0.2,3.98,83
903,3.81,0.15,4.19,88
554,3.38,-0.99,3.98,81
904,3.7,0.16,4.19,84
555,3.56,-0.21,3.98,83
905,3.65,0.08,4.19,86
556,3.51,0.86,3.98,81
906,3.66,-0.86,4.19,82
557,3.53,0.45,3.98,86
907,3.69,0.95,4.19,82
558,3.48,-0.11,3.98,81
908,3.63,-0.28,4.19,82
559,3.56,1.06,3.98,84
909,3.76,0.32,4.19,88
560,3.54,-0.02,3.98,82
910,3.69,0.06,4.19,82
561,3.4,0.38,3.98,80
911,3.79,-0.79,4.19,88
562,3.59,0.36,3.98,87
912,3.64,-0.34,4.19,81
563,3.55,-0.2,3.98,82
913,3.73,0.41,4.19,85
564,3.57,0.48,3.98,83
565,3.49,-1.14,3.98,80
914,3.77,1.01,4.19,87
566,3.47,-0.48,3.98,82
915,3.66,0.54,4.19,82
567,3.43,-0.2,3.98,81
916,3.77,-0.45,4.19,87
568,3.59,0.95,3.98,83
917,3.66,-0.3,4.19,86
569,3.74,0.59,3.98,89
918,3.66,-0.96,4.19,82
570,3.44,0.48,3.98,80
919,3.65,-0.92,4.19,85
571,3.51,0.73,3.98,81
920,3.71,0.08,4.19,86
572,3.5,-0.07,3.98,81
921,3.7,0.01,4.19,84
573,3.45,0.35,3.98,80
922,3.62,-0.89,4.19,82
574,3.57,0.37,3.98,82
923,3.66,-0.27,4.19,82
575,3.47,-0.55,3.98,80
924,3.7,-0.79,4.19,88
576,3.58,0.87,3.98,83
925,3.77,0.62,4.19,90
577,3.49,-0.26,3.98,81
926,3.81,0.35,4.19,84
578,3.52,-0.05,3.98,81
927,3.76,-0.35,4.19,89
579,3.56,0.35,3.98,80
928,3.61,-0.94,4.19,81
580,3.57,-0.17,3.98,85
929,3.63,-0.98,4.19,87
581,3.47,-0.45,3.98,82
930,3.8,0.09,4.19,89
582,3.48,0.21,3.98,80
931,3.68,0.14,4.19,85
583,3.53,0.58,3.98,82
932,3.81,0.07,4.19,87
584,3.44,-0.15,3.98,80
933,3.74,-0.26,4.19,85
585,3.47,-0.57,3.98,82
934,3.7,0.08,4.19,84
586,3.53,0.46,3.98,80
935,3.83,0.57,4.19,86
587,3.66,1.04,3.98,85
936,3.57,-0.49,4.19,83
588,3.61,0.73,3.98,87
937,3.86,1.08,4.19,89
589,3.6,1.29,3.98,84
938,3.65,0.09,4.19,83
590,3.54,0.52,3.98,84
939,3.84,0.14,4.19,88
591,3.63,0.74,3.98,85
940,3.66,-1.26,4.19,84
592,3.55,-0.15,3.98,80
941,3.65,-0.35,4.19,88
593,3.45,-0.08,3.98,81
942,3.76,1.08,4.19,83
594,3.61,1.06,3.98,82
943,3.74,0.47,4.19,90
595,3.55,0.83,3.98,81
944,3.58,-0.69,4.19,82
596,3.54,-0.57,3.98,82
945,3.71,0.14,4.19,84
597,3.41,-0.4,3.98,81
946,3.68,0.1,4.19,82
598,3.51,0.18,3.98,84
947,3.75,0.53,4.19,86
599,3.51,0.24,3.98,80
948,3.87,1.14,4.19,89
600,3.51,0.49,3.98,83
949,3.84,0.01,4.19,88
601,3.51,0.46,3.98,81
602,3.49,-0.43,3.98,81
950,3.71,-0.44,4.19,87
603,3.51,0.52,3.98,80
951,3.77,0.12,4.19,87
604,3.52,0.76,3.98,83
952,3.78,0.08,4.19,87
605,3.56,-0.03,3.98,87
953,3.7,0.05,4.19,84
606,3.59,0.41,3.98,84
954,3.82,1.39,4.19,86
607,3.51,-0.04,3.98,82
955,3.77,1.05,4.19,88
608,3.56,-0.09,3.98,86
956,3.62,-0.39,4.19,84
609,3.56,0.8,3.98,81
957,3.76,0.49,4.19,89
610,3.6,0.93,3.98,83
958,3.73,0.95,4.19,84
611,3.53,-0.03,3.98,82
959,3.65,0.14,4.19,82
612,3.61,1.0,3.98,83
960,3.74,1.08,4.19,86
613,3.61,0.45,3.98,83
961,3.63,0.03,4.19,86
614,3.54,0.85,3.98,81
962,3.8,1.05,4.19,88
615,3.51,-0.55,3.98,82
963,3.66,-1.91,4.19,87
616,3.51,-1.58,3.98,83
964,3.68,-0.31,4.19,86
617,3.45,-0.52,3.98,82
965,3.72,0.11,4.19,84
618,3.53,0.12,3.98,81
966,3.64,0.04,4.19,82
619,3.64,1.52,3.98,83
967,3.78,0.1,4.19,88
620,3.56,-0.14,3.98,84
968,3.66,0.07,4.19,86
621,3.4,-0.11,3.98,80
969,3.7,-0.87,4.19,84
622,3.52,0.79,3.98,82
970,3.59,-0.84,4.19,82
623,3.49,0.42,3.98,80
971,3.81,0.61,4.19,85
624,3.63,1.25,3.98,82
972,3.77,0.09,4.19,90
625,3.6,1.15,3.98,81
973,3.64,0.08,4.19,84
626,3.61,0.89,3.98,85
974,3.69,0.5,4.19,81
627,3.53,0.52,3.98,84
975,3.75,0.22,4.19,86
628,3.55,0.4,3.98,82
976,3.54,-0.42,4.19,81
629,3.58,0.3,3.98,86
977,3.65,-1.93,4.19,86
630,3.53,0.51,3.98,84
978,3.81,0.49,4.19,86
631,3.54,-0.13,3.98,80
632,3.49,-0.52,3.98,82
979,3.73,-0.08,4.19,84
633,3.44,-0.58,3.98,82
980,3.53,-0.9,4.19,81
634,3.47,0.39,3.98,82
981,3.69,0.12,4.19,83
635,3.47,0.39,3.98,81
982,3.62,-0.98,4.19,89
636,3.47,-0.14,3.98,84
983,3.8,0.05,4.19,88
637,3.53,0.46,3.98,83
984,3.71,-0.44,4.19,84
638,3.57,0.93,3.98,82
985,3.72,0.14,4.19,84
639,3.52,0.43,3.98,81
986,3.59,-1.03,4.19,84
640,3.58,-0.0,3.98,86
987,3.75,0.67,4.19,86
641,3.56,0.98,3.98,80
988,3.61,0.58,4.19,80
642,3.54,0.82,3.98,84
989,3.75,-0.8,4.19,86
643,3.59,-0.0,3.98,86
990,3.69,0.01,4.19,88
644,3.42,-1.02,3.98,80
991,3.65,-0.86,4.19,82
645,3.52,0.29,3.98,80
992,3.75,1.07,4.19,84
646,3.48,0.76,3.98,81
993,3.76,0.14,4.19,84
647,3.47,-1.33,3.98,82
994,3.71,-0.77,4.19,85
648,3.53,0.94,3.98,80
995,3.7,0.16,4.19,84
649,3.64,0.91,3.98,86
996,3.53,-0.44,4.19,80
650,3.67,1.36,3.98,86
997,3.68,0.61,4.19,85
651,3.51,-0.55,3.98,82
998,3.73,-0.32,4.19,87
652,3.48,-0.01,3.98,80
999,3.68,-0.24,4.19,83
653,3.48,0.79,3.98,80
1000,3.72,-1.78,4.19,85
654,3.54,-0.0,3.98,82
1001,3.73,0.95,4.19,83
655,3.61,1.58,3.98,80
1002,3.64,-0.71,4.19,83
656,3.54,0.86,3.98,84
1003,3.85,0.12,4.19,90
657,3.54,-0.06,3.98,82
1004,3.72,0.67,4.19,84
658,3.48,0.14,3.98,80
1005,3.56,-0.87,4.19,83
659,3.69,1.45,3.98,84
1006,3.62,0.45,4.19,82
660,3.59,0.93,3.98,81
1007,3.64,-0.83,4.19,82
661,3.47,-0.05,3.98,80
1008,3.72,0.53,4.19,84
662,3.55,1.01,3.98,83
1009,3.69,0.03,4.19,86
663,3.52,0.46,3.98,81
1010,3.7,0.03,4.19,86
664,3.53,-0.02,3.98,80
665,3.46,0.45,3.98,80
1011,3.62,0.8,4.19,82
666,3.63,0.85,3.98,83
1012,3.65,0.05,4.19,84
667,3.44,0.45,3.98,80
1013,3.73,-0.9,4.19,87
668,3.45,-0.45,3.98,80
1014,3.6,-1.43,4.19,86
669,3.58,0.49,3.98,84
1015,3.7,0.2,4.19,84
670,3.55,0.94,3.98,80
1016,3.58,0.02,4.19,82
671,3.62,0.94,3.98,84
1017,3.78,0.17,4.19,86
672,3.57,0.02,3.98,85
1018,3.75,0.13,4.19,88
673,3.56,-0.02,3.98,83
1019,3.7,-1.38,4.19,89
674,3.56,-0.11,3.98,87
1020,3.79,0.57,4.19,87
675,3.4,-1.14,3.98,81
1021,3.81,1.18,4.19,87
676,3.59,-0.02,3.98,87
1022,3.8,0.79,4.19,84
677,3.51,-0.07,3.98,80
1023,3.71,0.14,4.19,86
678,3.53,-0.14,3.98,80
1024,3.65,-0.31,4.19,85
679,3.41,-0.23,3.98,82
1025,3.61,0.07,4.19,82
680,3.53,-0.04,3.98,86
1026,3.74,0.27,4.19,89
681,3.58,-0.18,3.98,84
1027,3.87,0.48,4.19,90
682,3.58,0.36,3.98,81
1028,3.76,-0.9,4.19,86
683,3.51,-0.02,3.98,80
1029,3.87,0.15,4.19,89
684,3.55,0.39,3.98,80
1030,3.74,0.7,4.19,86
685,3.42,-0.44,3.98,80
1031,3.66,0.13,4.19,84
686,3.6,0.49,3.98,84
1032,3.8,0.18,4.19,89
687,3.64,0.48,3.98,85
1033,3.67,-0.87,4.19,84
688,3.56,0.8,3.98,80
1034,3.63,0.06,4.19,81
689,3.55,0.39,3.98,83
690,3.49,-0.04,3.98,81
1035,3.67,0.58,4.19,83
1036,3.81,0.6,4.19,84
691,3.47,-0.08,3.98,80
1037,3.72,0.05,4.19,88
692,3.52,0.07,3.98,80
1038,3.78,0.77,4.19,88
693,3.54,-0.1,3.98,82
1039,3.59,-1.26,4.19,84
694,3.58,1.15,3.98,83
1040,3.6,-0.9,4.19,84
695,3.65,0.11,3.98,89
1041,3.77,0.01,4.19,86
696,3.55,0.97,3.98,81
697,3.59,0.14,3.98,83
1042,3.7,-0.78,4.19,84
698,3.61,1.35,3.98,82
1043,3.56,-0.4,4.19,84
699,3.51,0.89,3.98,81
1044,3.77,0.49,4.19,87
700,3.57,0.79,3.98,83
1045,3.79,0.15,4.19,88
701,3.53,0.39,3.98,83
1046,3.77,0.09,4.19,84
702,3.54,0.45,3.98,83
1047,3.71,0.08,4.19,84
703,3.54,0.32,3.98,83
1048,3.76,0.11,4.19,84
704,3.38,-0.99,3.98,81
1049,3.74,0.28,4.19,88
705,3.66,0.79,3.98,86
1050,3.71,-0.23,4.19,86
706,3.52,0.29,3.98,82
1051,3.75,0.3,4.19,87
707,3.54,-0.67,3.98,85
1052,3.56,-0.81,4.19,83
708,3.4,-0.11,3.98,80
1053,3.61,0.08,4.19,82
709,3.52,0.79,3.98,82
1054,3.77,-0.83,4.19,88
710,3.51,-0.58,3.98,83
1055,3.68,0.14,4.19,86
711,3.56,-0.08,3.98,85
1056,3.88,0.15,4.19,92
712,3.49,-0.27,3.98,84
1057,3.84,1.1,4.19,88
713,3.46,0.12,3.98,82
1058,3.62,-0.92,4.19,82
714,3.5,0.06,3.98,84
1059,3.75,0.12,4.19,88
715,3.56,0.13,3.98,82
1060,3.78,0.61,4.19,86
716,3.48,-1.17,3.98,82
1061,3.77,0.1,4.19,87
717,3.52,0.15,3.98,82
1062,3.62,-0.84,4.19,81
718,3.53,0.07,3.98,81
719,3.62,1.45,3.98,83
1063,3.67,0.14,4.19,82
1064,3.65,0.14,4.19,86
720,3.53,-0.62,3.98,83
1065,3.69,0.17,4.19,82
721,3.59,0.45,3.98,84
1066,3.68,0.15,4.19,84
722,3.54,0.05,3.98,82
1067,3.84,1.16,4.19,88
723,3.5,-0.45,3.98,84
1068,3.72,0.18,4.19,84
724,3.59,0.38,3.98,83
1069,3.61,0.13,4.19,82
725,3.46,0.35,3.98,82
726,3.51,-0.46,3.98,83
1070,3.78,0.05,4.19,84
727,3.47,-0.06,3.98,84
1071,3.69,0.02,4.19,84
728,3.58,-0.82,3.98,83
1072,3.63,1.0,4.19,82
729,3.59,0.95,3.98,82
1073,3.67,-0.2,4.19,85
730,3.52,-0.45,3.98,80
1074,3.63,0.13,4.19,83
731,3.55,-0.24,3.98,82
1075,3.76,0.56,4.19,86
732,3.48,-1.64,3.98,82
1076,3.74,0.14,4.19,89
733,3.53,0.36,3.98,80
1077,3.9,-0.48,4.19,93
734,3.43,-0.18,3.98,82
1078,3.66,0.19,4.19,83
735,3.6,0.64,3.98,85
1079,3.74,-0.53,4.19,88
736,3.65,0.35,3.98,86
1080,3.63,0.11,4.19,80
737,3.63,0.76,3.98,86
1081,3.68,0.65,4.19,84
738,3.59,0.52,3.98,84
1082,3.77,0.73,4.19,83
739,3.54,0.48,3.98,80
1083,3.73,0.05,4.19,84
740,3.58,0.46,3.98,84
1084,3.73,0.17,4.19,85
741,3.58,1.01,3.98,83
1085,3.74,-0.45,4.19,85
742,3.54,-0.02,3.98,81
1086,3.8,0.5,4.19,86
743,3.51,-0.15,3.98,80
1087,3.66,0.22,4.19,86
744,3.54,0.13,3.98,81
1088,3.71,0.09,4.19,86
745,3.57,0.42,3.98,84
1089,3.78,0.54,4.19,84
746,3.49,-1.19,3.98,81
747,3.54,-1.05,3.98,83
1090,3.87,0.68,4.19,90
1091,3.81,0.17,4.19,90
748,3.5,0.21,3.98,80
1092,3.58,0.11,4.19,82
749,3.42,-0.08,3.98,82
1093,3.74,1.1,4.19,83
750,3.55,-0.17,3.98,81
1094,3.7,0.04,4.19,86
751,3.5,-0.13,3.98,81
1095,3.81,0.07,4.19,84
752,3.57,0.89,3.98,82
1096,3.75,0.15,4.19,86
753,3.53,0.68,3.98,82
754,3.57,0.32,3.98,82
1097,3.73,0.09,4.19,86
755,3.55,0.58,3.98,82
1098,3.66,1.04,4.19,82
1099,3.79,0.29,4.19,85
756,3.48,-0.14,3.98,80
1100,3.73,0.39,4.19,85
757,3.43,-0.02,3.98,84
1101,3.73,0.64,4.19,84
758,3.59,0.52,3.98,82
759,3.52,0.58,3.98,82
1102,3.62,-0.88,4.19,84
760,3.4,-0.18,3.98,80
1103,3.71,0.23,4.19,85
761,3.52,0.02,3.98,82
1104,3.66,-1.13,4.19,85
762,3.57,0.95,3.98,81
1105,3.7,0.64,4.19,82
763,3.49,0.35,3.98,82
1106,3.86,0.22,4.19,88
764,3.54,0.24,3.98,81
1107,3.71,0.12,4.19,86
765,3.54,-0.08,3.98,83
1108,3.6,-0.87,4.19,82
766,3.4,-0.12,3.98,82
1109,3.91,0.36,4.19,92
767,3.39,-0.32,3.98,82
1110,3.72,-0.24,4.19,85
768,3.47,0.01,3.98,80
1111,3.64,0.14,4.19,86
769,3.52,-0.13,3.98,82
1112,3.74,0.21,4.19,88
770,3.54,0.45,3.98,80
1113,3.67,-1.53,4.19,82
771,3.46,-0.05,3.98,82
1114,3.64,0.5,4.19,80
772,3.54,-0.17,3.98,83
1115,3.71,1.09,4.19,82
773,3.5,0.92,3.98,80
1116,3.72,0.13,4.19,86
774,3.47,0.42,3.98,82
1117,3.69,0.14,4.19,85
775,3.5,0.18,3.98,80
1118,3.66,-0.78,4.19,85
776,3.52,-0.08,3.98,80
1119,3.76,-0.38,4.19,89
777,3.44,-0.02,3.98,80
1120,3.75,-0.36,4.19,87
778,3.52,-1.12,3.98,82
1121,3.67,0.04,4.19,82
779,3.53,-0.02,3.98,80
1122,3.63,0.01,4.19,85
780,3.59,0.24,3.98,86
1123,3.74,-0.26,4.19,85
781,3.5,-0.08,3.98,81
1124,3.66,0.1,4.19,85
782,3.54,0.42,3.98,80
783,3.51,0.39,3.98,82
1125,3.73,-0.87,4.19,84
1126,3.85,0.15,4.19,89
784,3.56,0.12,3.98,81
1127,3.8,0.07,4.19,89
785,3.54,0.6,3.98,83
1128,3.63,0.04,4.19,84
786,3.48,-0.52,3.98,82
1129,3.61,-0.02,4.19,84
787,3.61,0.56,3.98,83
1130,3.92,1.21,4.19,91
788,3.61,0.4,3.98,85
1131,3.64,0.16,4.19,82
789,3.56,-0.1,3.98,83
790,3.55,0.22,3.98,80
1132,3.68,0.14,4.19,84
1133,3.69,0.68,4.19,82
791,3.56,0.42,3.98,83
1134,3.74,1.1,4.19,86
792,3.45,-0.46,3.98,81
1135,3.65,0.18,4.19,84
793,3.57,0.07,3.98,85
1136,3.58,0.03,4.19,80
794,3.59,0.92,3.98,82
1137,3.77,1.01,4.19,84
795,3.63,1.35,3.98,84
1138,3.76,0.63,4.19,88
796,3.46,0.35,3.98,81
797,3.54,0.84,3.98,81
1139,3.79,0.62,4.19,85
798,3.5,-0.08,3.98,83
1140,3.64,0.05,4.19,82
799,3.45,0.12,3.98,80
1141,3.75,0.01,4.19,89
800,3.43,-0.21,3.98,80
1142,3.62,-0.93,4.19,84
801,3.59,0.48,3.98,85
1143,3.64,0.06,4.19,86
802,3.63,1.14,3.98,84
1144,3.78,0.43,4.19,87
803,3.59,0.92,3.98,84
1145,3.77,0.12,4.19,86
804,3.56,0.07,3.98,85
1146,3.65,-0.45,4.19,81
805,3.61,0.04,3.98,86
1147,3.63,-1.41,4.19,84
806,3.61,0.46,3.98,85
1148,3.86,0.78,4.19,89
807,3.47,-0.52,3.98,81
1149,3.56,0.13,4.19,82
808,3.53,0.89,3.98,81
1150,3.84,0.52,4.19,89
809,3.5,-0.04,3.98,82
1151,3.69,0.29,4.19,86
810,3.6,0.86,3.98,86
1152,3.86,0.23,4.19,90
811,3.42,0.35,3.98,80
1153,3.69,-0.47,4.19,87
812,3.59,0.32,3.98,81
1154,3.71,0.27,4.19,87
813,3.53,0.86,3.98,81
1155,3.78,0.98,4.19,86
814,3.48,-0.42,3.98,83
1156,3.63,0.23,4.19,83
815,3.53,0.95,3.98,83
1157,3.73,0.07,4.19,86
816,3.5,-0.03,3.98,81
1158,3.64,0.14,4.19,82
817,3.63,0.92,3.98,87
818,3.57,1.09,3.98,80
1159,3.72,1.0,4.19,81
819,3.45,-0.17,3.98,83
1160,3.73,-1.36,4.19,88
1161,3.77,1.01,4.19,84
820,3.3,-1.67,3.98,81
1162,3.8,0.62,4.19,86
821,3.53,-0.02,3.98,84
1163,3.86,0.07,4.19,91
822,3.53,-0.92,3.98,81
1164,3.71,0.24,4.19,88
823,3.44,-0.08,3.98,81
824,3.47,-1.54,3.98,83
1165,3.79,-0.99,4.19,89
825,3.6,0.89,3.98,84
1166,3.64,-0.34,4.19,84
826,3.54,0.08,3.98,84
1167,3.75,-0.44,4.19,84
1168,3.63,-0.92,4.19,82
827,3.57,1.01,3.98,83
1169,3.68,0.16,4.19,82
828,3.52,0.7,3.98,82
1170,3.64,-1.46,4.19,87
829,3.61,0.94,3.98,85
830,3.6,0.6,3.98,83
1171,3.63,-0.06,4.19,83
831,3.55,0.51,3.98,85
1172,3.6,0.07,4.19,82
832,3.39,-1.51,3.98,82
1173,3.91,1.08,4.19,90
833,3.58,0.06,3.98,82
1174,3.71,0.04,4.19,86
834,3.47,0.06,3.98,82
1175,3.72,-0.03,4.19,86
835,3.55,0.9,3.98,81
1176,3.54,-0.87,4.19,83
836,3.58,0.57,3.98,81
1177,3.72,0.05,4.19,84
837,3.54,0.32,3.98,82
1178,3.73,-0.77,4.19,87
838,3.53,0.1,3.98,82
1179,3.75,0.62,4.19,83
839,3.44,-0.05,3.98,81
1180,3.73,0.56,4.19,84
840,3.46,0.35,3.98,82
1181,3.78,0.62,4.19,84
841,3.53,-0.14,3.98,81
1182,3.75,0.17,4.19,86
842,3.54,-0.08,3.98,83
1183,3.69,0.99,4.19,80
843,3.54,0.39,3.98,84
1184,3.74,-0.31,4.19,85
844,3.6,1.1,3.98,85
1185,3.87,1.07,4.19,88
845,3.53,-0.55,3.98,83
1186,3.81,1.34,4.19,84
846,3.55,0.16,3.98,82
1187,3.78,0.05,4.19,88
847,3.48,-0.65,3.98,83
1188,3.75,0.06,4.19,88
848,3.54,-0.58,3.98,84
1189,3.68,0.14,4.19,84
849,3.55,1.01,3.98,80
1190,3.69,0.19,4.19,86
850,3.47,0.61,3.98,84
1191,3.67,0.01,4.19,82
851,3.55,0.12,3.98,84
1192,3.65,-0.41,4.19,84
852,3.46,0.92,3.98,80
1193,3.64,-0.47,4.19,82
853,3.53,0.52,3.98,82
854,3.35,-0.7,3.98,83
1194,3.7,0.01,4.19,84
855,3.54,-0.89,3.98,83
1195,3.67,0.08,4.19,87
1196,3.73,-0.08,4.19,86
856,3.56,0.92,3.98,83
1197,3.7,-0.89,4.19,86
857,3.53,0.86,3.98,81
1198,3.78,-0.85,4.19,86
858,3.55,-0.11,3.98,84
1199,3.79,-0.72,4.19,91
859,3.61,0.52,3.98,85
860,3.57,0.98,3.98,81
1200,3.69,-2.93,4.19,88
861,3.5,-0.15,3.98,82
1201,3.67,-0.78,4.19,85
862,3.59,-0.02,3.98,84
1202,3.73,-0.76,4.19,83
1203,3.81,-1.34,4.19,89
863,3.51,0.48,3.98,82
1204,3.7,0.03,4.19,84
864,3.45,0.42,3.98,82
1205,3.67,0.05,4.19,86
865,3.51,0.22,3.98,84
1206,3.83,-0.34,4.19,90
866,3.54,0.35,3.98,82
867,3.6,-0.09,3.98,83
1207,3.74,0.08,4.19,86
868,3.66,0.58,3.98,84
1208,3.68,-0.3,4.19,86
869,3.45,-0.08,3.98,81
1209,3.75,0.14,4.19,86
870,3.52,-0.55,3.98,80
1210,3.81,1.18,4.19,89
871,3.52,-0.89,3.98,82
1211,3.82,1.02,4.19,87
872,3.54,0.23,3.98,82
1212,3.72,0.16,4.19,84
873,3.51,-0.12,3.98,80
1213,3.72,0.68,4.19,84
874,3.52,0.52,3.98,84
1214,3.74,0.51,4.19,84
875,3.45,-0.14,3.98,80
1215,3.79,0.1,4.19,93
876,3.59,0.51,3.98,83
1216,3.67,0.11,4.19,84
877,3.55,0.71,3.98,82
1217,3.76,-0.4,4.19,87
878,3.54,0.82,3.98,82
1218,3.62,0.09,4.19,84
879,3.64,0.01,3.98,86
1219,3.66,-0.03,4.19,81
880,3.53,0.82,3.98,80
1220,3.73,0.06,4.19,84
881,3.56,0.85,3.98,83
1221,3.8,0.09,4.19,86
882,3.52,0.48,3.98,80
1222,3.64,-0.78,4.19,87
883,3.45,-0.76,3.98,80
1223,3.71,0.71,4.19,81
884,3.62,0.77,3.98,85
1224,3.72,0.14,4.19,84
885,3.58,1.1,3.98,80
1225,3.8,-0.86,4.19,90
886,3.53,0.58,3.98,81
1226,3.68,0.11,4.19,85
887,3.46,0.04,3.98,82
1227,3.73,-0.32,4.19,87
888,3.39,-0.51,3.98,80
889,3.53,0.04,3.98,83
1228,3.81,0.0,4.19,89
890,3.47,-0.08,3.98,84
1229,3.77,0.16,4.19,90
891,3.6,0.02,3.98,85
1230,3.73,-1.84,4.19,89
1231,3.68,0.07,4.19,85
892,3.51,0.89,3.98,80
1232,3.97,1.29,4.19,94
893,3.47,-0.02,3.98,80
1233,3.73,0.1,4.19,86
894,3.51,0.02,3.98,84
1234,3.81,0.06,4.19,89
895,3.4,0.52,3.98,80
896,3.52,-0.51,3.98,80
1235,3.79,0.62,4.19,89
897,3.47,-0.05,3.98,83
1236,3.65,0.2,4.19,84
898,3.5,-0.49,3.98,82
1237,3.63,-1.89,4.19,86
1238,3.72,0.1,4.19,86
899,3.6,0.68,3.98,84
1239,3.67,0.54,4.19,82
900,3.49,-0.16,3.98,81
901,3.56,-0.03,3.98,82
1240,3.51,-1.95,4.19,81
902,3.5,0.9,3.98,80
1241,3.68,-0.04,4.19,86
903,3.5,0.48,3.98,84
1242,3.7,0.11,4.19,86
904,3.61,1.15,3.98,82
1243,3.75,0.06,4.19,87
905,3.65,0.86,3.98,83
1244,3.68,0.07,4.19,86
906,3.56,-0.48,3.98,81
1245,3.7,0.15,4.19,84
907,3.5,0.06,3.98,83
1246,3.7,0.01,4.19,87
908,3.54,0.86,3.98,80
1247,3.7,-0.79,4.19,81
909,3.47,-0.09,3.98,81
1248,3.63,-0.47,4.19,85
910,3.57,0.95,3.98,84
1249,3.62,0.23,4.19,83
911,3.54,0.63,3.98,80
1250,3.85,0.56,4.19,92
912,3.55,0.39,3.98,81
1251,3.78,1.11,4.19,86
913,3.45,-1.34,3.98,84
1252,3.7,0.58,4.19,84
914,3.57,0.35,3.98,83
1253,3.63,-0.35,4.19,82
915,3.61,-0.02,3.98,88
1254,3.8,-0.02,4.19,86
916,3.58,0.85,3.98,84
1255,3.69,0.04,4.19,82
917,3.48,-0.24,3.98,80
1256,3.62,-0.83,4.19,82
918,3.5,0.38,3.98,85
1257,3.88,0.75,4.19,89
919,3.55,-0.3,3.98,83
1258,3.73,0.09,4.19,84
920,3.6,0.68,3.98,83
1259,3.71,0.12,4.19,81
921,3.49,-0.11,3.98,80
1260,3.6,-0.26,4.19,82
922,3.6,0.58,3.98,84
1261,3.83,0.18,4.19,92
923,3.46,-1.45,3.98,82
1262,3.83,0.67,4.19,89
924,3.58,0.55,3.98,85
925,3.47,-0.05,3.98,81
1263,3.75,0.18,4.19,88
1264,3.71,-1.94,4.19,87
926,3.53,0.78,3.98,81
1265,3.66,-0.88,4.19,85
927,3.55,0.37,3.98,84
1266,3.7,-0.28,4.19,83
928,3.6,-0.18,3.98,84
1267,3.75,0.51,4.19,88
929,3.53,0.12,3.98,83
1268,3.57,-1.32,4.19,84
930,3.46,0.01,3.98,81
931,3.5,-0.3,3.98,82
1269,3.61,-0.86,4.19,83
932,3.46,-0.29,3.98,81
1270,3.73,0.16,4.19,85
1271,3.66,-0.82,4.19,90
933,3.6,0.55,3.98,83
1272,3.72,-0.85,4.19,84
934,3.55,0.15,3.98,84
1273,3.6,-0.25,4.19,80
935,3.56,-0.41,3.98,81
1274,3.85,0.73,4.19,86
936,3.53,0.33,3.98,84
1275,3.63,-0.32,4.19,85
937,3.58,-0.05,3.98,85
938,3.47,-0.14,3.98,81
1276,3.77,0.57,4.19,88
939,3.52,-0.81,3.98,83
1277,3.76,0.17,4.19,83
1278,3.8,0.68,4.19,85
940,3.56,-0.21,3.98,83
1279,3.71,0.13,4.19,86
941,3.42,0.39,3.98,80
1280,3.64,-0.05,4.19,84
942,3.55,0.05,3.98,83
1281,3.77,-0.07,4.19,88
943,3.52,0.14,3.98,84
1282,3.92,0.54,4.19,91
944,3.6,0.64,3.98,86
945,3.55,-0.42,3.98,82
1283,3.82,0.25,4.19,89
946,3.59,1.07,3.98,80
1284,3.75,0.98,4.19,85
1285,3.83,1.23,4.19,89
947,3.54,-1.11,3.98,84
948,3.46,0.47,3.98,80
1286,3.72,0.41,4.19,84
949,3.55,0.3,3.98,81
1287,3.81,0.14,4.19,87
950,3.5,0.36,3.98,82
1288,3.84,0.49,4.19,88
951,3.49,-0.08,3.98,82
1289,3.69,-1.48,4.19,85
952,3.72,1.15,3.98,89
1290,3.66,0.01,4.19,82
953,3.47,0.35,3.98,80
1291,3.77,-0.32,4.19,86
954,3.56,1.01,3.98,81
1292,3.7,0.11,4.19,84
955,3.46,-0.03,3.98,81
1293,3.66,-0.74,4.19,82
956,3.5,-0.14,3.98,81
1294,3.72,0.11,4.19,84
957,3.6,0.14,3.98,85
1295,3.78,0.16,4.19,87
958,3.51,0.3,3.98,82
1296,3.77,-0.1,4.19,86
959,3.48,0.15,3.98,82
1297,3.67,-0.07,4.19,83
960,3.51,0.45,3.98,80
1298,3.56,0.15,4.19,84
961,3.51,-0.48,3.98,80
1299,3.75,0.12,4.19,87
962,3.49,-0.08,3.98,82
1300,3.62,-1.75,4.19,86
963,3.45,-0.27,3.98,81
1301,3.84,1.05,4.19,88
964,3.58,0.89,3.98,85
1302,3.68,-0.25,4.19,81
965,3.48,0.45,3.98,80
1303,3.65,0.07,4.19,84
966,3.53,0.86,3.98,81
1304,3.73,0.39,4.19,84
967,3.45,-0.14,3.98,80
1305,3.76,-0.4,4.19,86
968,3.6,0.85,3.98,82
1306,3.59,0.09,4.19,82
969,3.46,-0.02,3.98,80
1307,3.75,0.31,4.19,87
970,3.43,0.31,3.98,81
1308,3.65,-0.79,4.19,89
971,3.56,0.49,3.98,82
1309,3.72,0.17,4.19,88
972,3.54,0.86,3.98,82
1310,3.73,0.6,4.19,86
973,3.47,-0.05,3.98,82
1311,3.77,0.22,4.19,83
974,3.6,0.58,3.98,82
1312,3.78,0.14,4.19,86
975,3.56,-0.08,3.98,83
1313,3.71,-0.83,4.19,87
976,3.51,-0.11,3.98,83
1314,3.6,-0.95,4.19,82
977,3.57,1.25,3.98,80
1315,3.64,-0.84,4.19,82
978,3.52,0.95,3.98,80
1316,3.73,0.57,4.19,84
979,3.5,0.87,3.98,80
980,3.46,-0.02,3.98,81
1317,3.79,-0.84,4.19,88
1318,3.62,-0.5,4.19,83
981,3.51,0.86,3.98,82
1319,3.7,0.25,4.19,84
982,3.47,0.11,3.98,82
1320,3.72,0.08,4.19,87
983,3.59,0.92,3.98,81
1321,3.67,-0.34,4.19,86
984,3.5,0.33,3.98,80
1322,3.75,0.06,4.19,88
985,3.52,0.99,3.98,80
1323,3.76,-0.02,4.19,87
986,3.46,-0.26,3.98,83
987,3.47,-0.12,3.98,84
1324,3.88,1.35,4.19,93
1325,3.71,0.09,4.19,84
988,3.56,1.0,3.98,82
1326,3.65,-1.48,4.19,85
989,3.51,0.21,3.98,81
1327,3.75,0.24,4.19,88
990,3.54,0.49,3.98,84
1328,3.69,0.17,4.19,82
991,3.55,0.46,3.98,80
1329,3.77,-0.07,4.19,88
992,3.5,-0.02,3.98,81
993,3.55,0.08,3.98,84
1330,3.78,0.14,4.19,87
994,3.5,-0.17,3.98,83
1331,3.64,0.22,4.19,82
995,3.64,0.39,3.98,88
1332,3.66,-0.38,4.19,84
996,3.56,1.01,3.98,81
1333,3.71,0.09,4.19,83
997,3.51,-0.15,3.98,81
1334,3.72,0.01,4.19,86
998,3.44,0.39,3.98,80
1335,3.73,1.01,4.19,85
999,3.5,0.07,3.98,80
1336,3.77,0.62,4.19,86
1000,3.53,-0.02,3.98,83
1337,3.67,0.14,4.19,84
1001,3.58,-0.14,3.98,84
1338,3.7,0.01,4.19,83
1002,3.49,0.72,3.98,83
1339,3.71,0.11,4.19,86
1003,3.58,0.89,3.98,83
1340,3.72,-0.82,4.19,85
1004,3.67,1.59,3.98,84
1341,3.77,0.04,4.19,90
1005,3.55,0.7,3.98,80
1342,3.66,-0.93,4.19,84
1006,3.53,-0.6,3.98,82
1343,3.83,0.67,4.19,86
1007,3.57,0.89,3.98,82
1344,3.64,-0.34,4.19,83
1008,3.59,-0.18,3.98,85
1345,3.69,-1.05,4.19,88
1009,3.57,0.02,3.98,84
1346,3.71,0.15,4.19,84
1010,3.48,-0.25,3.98,80
1347,3.71,0.66,4.19,82
1011,3.67,-0.15,3.98,88
1348,3.81,0.11,4.19,88
1012,3.5,0.11,3.98,80
1349,3.85,0.58,4.19,90
1013,3.47,-0.14,3.98,81
1350,3.57,-0.91,4.19,81
1014,3.6,-0.11,3.98,87
1351,3.74,0.24,4.19,84
1015,3.51,0.35,3.98,82
1352,3.63,-0.85,4.19,80
1016,3.52,-1.07,3.98,81
1353,3.69,-0.83,4.19,85
1017,3.56,-0.16,3.98,85
1354,3.67,-0.12,4.19,85
1018,3.44,-0.38,3.98,81
1355,3.62,-0.87,4.19,80
1019,3.42,-1.42,3.98,83
1356,3.79,0.56,4.19,86
1020,3.53,-0.94,3.98,82
1357,3.69,0.6,4.19,82
1021,3.55,-0.09,3.98,83
1358,3.84,0.68,4.19,88
1022,3.46,-0.58,3.98,83
1359,3.6,0.07,4.19,84
1023,3.51,0.19,3.98,82
1360,3.65,-0.1,4.19,80
1024,3.48,-0.02,3.98,82
1361,3.69,-0.94,4.19,84
1025,3.66,1.1,3.98,84
1362,3.82,-0.09,4.19,90
1026,3.55,0.28,3.98,82
1363,3.81,-0.74,4.19,86
1027,3.55,0.52,3.98,80
1364,3.67,-0.86,4.19,82
1028,3.53,-0.08,3.98,84
1365,3.73,-0.71,4.19,86
1029,3.55,1.1,3.98,80
1366,3.8,1.11,4.19,86
1030,3.44,-0.48,3.98,81
1367,3.7,-0.03,4.19,85
1031,3.55,0.08,3.98,84
1368,3.66,0.15,4.19,82
1032,3.48,0.11,3.98,82
1369,3.84,1.21,4.19,87
1033,3.5,-0.89,3.98,81
1370,3.75,0.16,4.19,88
1034,3.55,0.48,3.98,85
1371,3.65,0.21,4.19,83
1035,3.54,-0.58,3.98,80
1372,3.82,0.22,4.19,89
1036,3.52,-0.2,3.98,82
1373,3.53,-0.9,4.19,82
1037,3.6,1.19,3.98,81
1374,3.64,-0.85,4.19,83
1038,3.62,1.18,3.98,81
1375,3.78,0.6,4.19,84
1039,3.5,0.52,3.98,82
1376,3.72,-1.19,4.19,88
1040,3.47,-0.05,3.98,81
1377,3.79,0.45,4.19,86
1041,3.55,0.81,3.98,81
1042,3.61,1.32,3.98,82
1378,3.72,0.71,4.19,81
1043,3.53,-0.45,3.98,82
1379,3.66,0.34,4.19,84
1044,3.5,-0.8,3.98,82
1380,3.78,1.04,4.19,88
1045,3.53,0.52,3.98,80
1381,3.73,0.02,4.19,84
1046,3.45,-0.02,3.98,83
1382,3.58,-0.98,4.19,81
1047,3.58,-0.14,3.98,82
1383,3.73,0.32,4.19,86
1048,3.5,0.04,3.98,81
1384,3.62,0.37,4.19,80
1049,3.48,-1.18,3.98,83
1385,3.74,0.04,4.19,88
1050,3.59,0.99,3.98,81
1386,3.53,-1.03,4.19,84
1051,3.59,1.35,3.98,80
1387,3.64,0.65,4.19,80
1052,3.47,0.35,3.98,82
1388,3.65,-0.95,4.19,83
1053,3.53,-0.14,3.98,84
1389,3.66,0.11,4.19,86
1054,3.5,0.29,3.98,83
1390,3.75,-1.06,4.19,90
1055,3.58,0.71,3.98,82
1391,3.7,0.11,4.19,84
1056,3.5,-0.07,3.98,83
1392,3.75,0.15,4.19,86
1057,3.65,0.9,3.98,83
1393,3.67,-0.97,4.19,87
1058,3.57,-0.07,3.98,84
1394,3.71,1.08,4.19,82
1059,3.55,-0.11,3.98,82
1395,3.65,0.02,4.19,84
1060,3.53,0.76,3.98,82
1396,3.62,-0.92,4.19,84
1061,3.53,-0.03,3.98,80
1397,3.87,-0.77,4.19,91
1062,3.6,1.01,3.98,84
1398,3.79,-0.37,4.19,87
1063,3.5,0.58,3.98,80
1399,3.7,-0.93,4.19,86
1064,3.6,0.79,3.98,82
1400,3.76,0.72,4.19,85
1065,3.5,0.95,3.98,80
1401,3.7,0.17,4.19,88
1066,3.62,1.39,3.98,84
1402,3.64,-0.85,4.19,85
1067,3.58,0.81,3.98,83
1403,3.74,-0.25,4.19,87
1068,3.54,0.11,3.98,82
1404,3.69,0.41,4.19,82
1069,3.47,-0.18,3.98,84
1405,3.78,0.34,4.19,89
1070,3.54,-0.03,3.98,82
1406,3.71,-0.63,4.19,85
1071,3.44,-0.05,3.98,80
1407,3.8,-0.87,4.19,89
1072,3.55,-0.2,3.98,85
1408,3.73,0.13,4.19,84
1073,3.48,0.04,3.98,81
1409,3.65,-0.72,4.19,84
1074,3.6,0.2,3.98,81
1410,3.67,0.07,4.19,83
1075,3.44,-0.32,3.98,84
1411,3.83,0.65,4.19,89
1076,3.6,-0.0,3.98,85
1412,3.75,-0.0,4.19,86
1077,3.59,1.35,3.98,85
1413,3.68,0.14,4.19,83
1078,3.45,0.33,3.98,81
1414,3.84,0.22,4.19,89
1079,3.51,-0.08,3.98,82
1415,3.76,0.14,4.19,85
1080,3.5,-0.05,3.98,82
1416,3.69,0.13,4.19,82
1081,3.45,-0.64,3.98,81
1417,3.69,-0.94,4.19,84
1082,3.44,0.01,3.98,84
1418,3.84,0.47,4.19,88
1083,3.55,0.9,3.98,81
1419,3.88,1.05,4.19,90
1084,3.47,0.14,3.98,80
1420,3.87,1.14,4.19,88
1085,3.53,0.42,3.98,81
1421,3.75,0.22,4.19,87
1086,3.58,-0.12,3.98,83
1422,3.73,0.08,4.19,89
1087,3.52,0.39,3.98,82
1423,3.73,-0.91,4.19,83
1088,3.57,-0.42,3.98,84
1089,3.49,-1.13,3.98,83
1424,3.62,-0.32,4.19,84
1090,3.51,-0.8,3.98,82
1425,3.65,-1.49,4.19,82
1426,3.72,0.22,4.19,86
1091,3.52,0.12,3.98,82
1092,3.46,-0.7,3.98,84
1427,3.76,0.07,4.19,88
1093,3.41,0.39,3.98,80
1428,3.73,-0.9,4.19,84
1094,3.47,-0.61,3.98,82
1429,3.66,-2.45,4.19,85
1095,3.47,-0.13,3.98,80
1430,3.78,0.69,4.19,91
1096,3.53,-0.09,3.98,81
1431,3.75,-0.35,4.19,87
1097,3.48,0.45,3.98,80
1432,3.79,-0.7,4.19,89
1098,3.43,-0.77,3.98,81
1433,3.81,0.02,4.19,87
1099,3.53,-0.63,3.98,85
1434,3.79,0.49,4.19,89
1100,3.53,0.91,3.98,81
1435,3.66,0.02,4.19,83
1101,3.55,-0.13,3.98,84
1436,3.7,0.4,4.19,85
1102,3.54,0.82,3.98,83
1437,3.67,0.07,4.19,83
1103,3.55,0.61,3.98,82
1438,3.67,0.05,4.19,85
1104,3.51,-1.63,3.98,83
1439,3.8,0.55,4.19,88
1105,3.52,0.37,3.98,82
1440,3.78,1.18,4.19,86
1106,3.47,-0.11,3.98,80
1441,3.75,-0.02,4.19,86
1107,3.52,0.52,3.98,81
1442,3.84,-0.94,4.19,90
1108,3.48,0.13,3.98,82
1443,3.81,-0.13,4.19,88
1109,3.53,0.79,3.98,80
1444,3.78,0.76,4.19,86
1110,3.56,0.98,3.98,82
1445,3.8,-0.93,4.19,89
1111,3.57,0.46,3.98,83
1446,3.72,0.14,4.19,87
1112,3.54,-0.48,3.98,84
1447,3.7,-0.1,4.19,85
1113,3.55,0.13,3.98,83
1448,3.77,0.15,4.19,86
1114,3.47,-0.51,3.98,82
1449,3.73,-0.83,4.19,87
1115,3.51,0.04,3.98,82
1450,3.63,0.1,4.19,86
1116,3.54,0.15,3.98,83
1451,3.66,0.16,4.19,83
1117,3.45,-0.08,3.98,80
1452,3.74,0.54,4.19,88
1118,3.44,-0.29,3.98,81
1453,3.87,0.72,4.19,90
1119,3.58,-0.05,3.98,86
1454,3.54,-0.82,4.19,82
1120,3.43,-0.09,3.98,82
1455,3.72,0.62,4.19,83
1121,3.43,-1.12,3.98,81
1456,3.57,-0.07,4.19,82
1122,3.51,0.37,3.98,82
1457,3.67,0.05,4.19,82
1123,3.6,-1.23,3.98,84
1458,3.58,-0.88,4.19,84
1124,3.55,-0.02,3.98,82
1459,3.62,-1.31,4.19,84
1125,3.59,-0.05,3.98,84
1460,3.74,0.14,4.19,84
1126,3.56,0.52,3.98,80
1461,3.73,0.08,4.19,86
1127,3.48,0.24,3.98,80
1462,3.69,0.09,4.19,80
1128,3.48,0.24,3.98,80
1463,3.8,1.01,4.19,86
1129,3.53,-0.15,3.98,83
1464,3.72,0.18,4.19,88
1130,3.51,0.2,3.98,80
1465,3.75,0.65,4.19,86
1131,3.54,-0.05,3.98,83
1466,3.68,-0.39,4.19,84
1132,3.51,0.11,3.98,81
1467,3.71,-1.0,4.19,91
1133,3.57,0.91,3.98,82
1468,3.75,0.18,4.19,88
1134,3.68,0.36,3.98,88
1469,3.75,0.11,4.19,88
1135,3.56,0.37,3.98,82
1470,3.63,-0.85,4.19,84
1136,3.56,-1.14,3.98,84
1471,3.71,-0.32,4.19,83
1137,3.52,0.92,3.98,80
1472,3.76,-0.01,4.19,87
1138,3.51,0.44,3.98,82
1473,3.73,0.22,4.19,84
1139,3.52,0.45,3.98,82
1140,3.66,0.83,3.98,83
1474,3.72,0.94,4.19,85
1141,3.55,0.32,3.98,82
1475,3.65,-1.03,4.19,88
1142,3.49,0.42,3.98,80
1476,3.67,0.07,4.19,84
1143,3.5,0.39,3.98,80
1477,3.73,-0.04,4.19,89
1144,3.41,-1.15,3.98,80
1478,3.73,0.32,4.19,85
1145,3.58,0.51,3.98,80
1479,3.82,0.62,4.19,86
1480,3.82,0.97,4.19,86
1146,3.48,0.06,3.98,80
1147,3.67,1.35,3.98,84
1481,3.77,0.65,4.19,87
1148,3.57,0.79,3.98,82
1482,3.73,0.07,4.19,84
1149,3.58,1.21,3.98,80
1483,3.71,0.15,4.19,86
1150,3.41,-0.57,3.98,81
1484,3.67,0.68,4.19,84
1151,3.55,0.37,3.98,81
1485,3.8,-1.27,4.19,86
1486,3.67,-0.85,4.19,83
1152,3.5,0.01,3.98,83
1487,3.77,0.05,4.19,86
1153,3.48,-0.52,3.98,83
1154,3.52,0.44,3.98,80
1488,3.77,0.07,4.19,85
1155,3.47,0.37,3.98,84
1489,3.84,0.95,4.19,87
1156,3.48,-0.11,3.98,83
1490,3.68,0.06,4.19,86
1157,3.56,-0.11,3.98,84
1491,3.72,0.12,4.19,84
1158,3.41,-1.21,3.98,80
1492,3.75,0.16,4.19,86
1159,3.58,0.42,3.98,82
1493,3.61,-0.82,4.19,84
1160,3.62,-0.11,3.98,83
1494,3.68,0.05,4.19,83
1161,3.58,1.03,3.98,83
1495,3.67,0.11,4.19,84
1162,3.43,0.01,3.98,80
1496,3.76,0.18,4.19,88
1163,3.5,0.37,3.98,80
1497,3.73,-0.39,4.19,86
1164,3.43,0.07,3.98,82
1498,3.76,0.65,4.19,88
1165,3.57,-0.11,3.98,81
1499,3.69,0.42,4.19,82
1166,3.53,0.88,3.98,84
1500,3.68,0.1,4.19,86
1167,3.44,-0.08,3.98,81
1501,3.63,-0.87,4.19,86
1168,3.51,0.06,3.98,80
1502,3.57,-0.9,4.19,82
1169,3.47,-0.41,3.98,80
1503,3.82,0.6,4.19,88
1170,3.5,0.24,3.98,81
1504,3.65,-0.8,4.19,87
1171,3.5,-0.11,3.98,82
1505,3.56,-0.86,4.19,82
1172,3.51,0.58,3.98,83
1506,3.77,0.09,4.19,87
1173,3.49,0.12,3.98,80
1507,3.8,0.09,4.19,88
1174,3.59,0.68,3.98,82
1508,3.67,0.41,4.19,80
1175,3.53,0.49,3.98,80
1509,3.76,-0.42,4.19,85
1176,3.58,-0.92,3.98,86
1510,3.58,-0.84,4.19,84
1177,3.55,0.01,3.98,83
1511,3.74,-0.0,4.19,87
1178,3.56,-0.02,3.98,84
1512,3.87,-0.86,4.19,91
1179,3.54,0.07,3.98,82
1513,3.75,0.72,4.19,88
1180,3.53,-0.79,3.98,83
1514,3.73,-0.88,4.19,89
1181,3.49,-0.62,3.98,82
1515,3.68,-0.96,4.19,86
1182,3.51,-0.17,3.98,82
1516,3.6,0.05,4.19,82
1183,3.45,-0.09,3.98,80
1517,3.73,0.07,4.19,85
1184,3.47,0.31,3.98,80
1185,3.57,0.95,3.98,80
1518,3.63,0.15,4.19,84
1186,3.55,-0.04,3.98,84
1519,3.62,-0.8,4.19,83
1520,3.65,0.08,4.19,84
1187,3.46,0.8,3.98,81
1521,3.82,0.47,4.19,89
1188,3.42,-1.24,3.98,80
1189,3.57,0.01,3.98,84
1522,3.78,0.14,4.19,86
1190,3.51,-0.17,3.98,82
1523,3.63,0.08,4.19,86
1191,3.6,-0.07,3.98,83
1524,3.71,-0.69,4.19,86
1192,3.53,0.92,3.98,81
1525,3.76,0.24,4.19,85
1526,3.75,-0.76,4.19,85
1193,3.49,-0.19,3.98,83
1527,3.67,0.1,4.19,84
1194,3.38,-1.93,3.98,80
1528,3.66,0.11,4.19,85
1195,3.54,0.87,3.98,80
1196,3.56,-0.02,3.98,80
1529,3.8,0.02,4.19,88
1197,3.5,0.3,3.98,82
1530,3.67,0.0,4.19,86
1198,3.46,-0.05,3.98,80
1531,3.7,0.12,4.19,84
1199,3.53,0.11,3.98,82
1532,3.64,-0.7,4.19,84
1533,3.62,0.06,4.19,83
1200,3.57,0.69,3.98,82
1534,3.67,-0.78,4.19,88
1201,3.51,0.63,3.98,80
1535,3.74,0.18,4.19,82
1202,3.56,0.39,3.98,83
1203,3.6,0.04,3.98,83
1536,3.79,0.28,4.19,84
1204,3.48,0.18,3.98,81
1537,3.8,0.36,4.19,91
1205,3.46,-1.84,3.98,83
1538,3.73,0.05,4.19,84
1206,3.56,0.35,3.98,81
1539,3.66,-0.92,4.19,85
1540,3.76,-0.07,4.19,82
1207,3.52,0.35,3.98,81
1541,3.56,0.14,4.19,81
1208,3.57,1.04,3.98,83
1542,3.63,0.04,4.19,82
1209,3.53,0.81,3.98,81
1210,3.49,-0.18,3.98,82
1543,3.81,0.7,4.19,86
1211,3.56,0.78,3.98,82
1544,3.56,-0.23,4.19,81
1212,3.54,0.86,3.98,80
1545,3.87,0.26,4.19,94
1213,3.56,-0.04,3.98,83
1546,3.66,-0.93,4.19,82
1214,3.53,-0.51,3.98,82
1547,3.76,0.03,4.19,87
1215,3.56,-0.02,3.98,80
1548,3.64,-0.89,4.19,83
1216,3.54,-0.13,3.98,80
1549,3.68,-0.86,4.19,86
1217,3.43,-0.51,3.98,80
1550,3.78,0.14,4.19,90
1218,3.55,-1.19,3.98,85
1551,3.61,0.09,4.19,80
1219,3.54,-1.06,3.98,80
1552,3.64,-0.06,4.19,82
1220,3.53,0.42,3.98,81
1553,3.67,-0.0,4.19,83
1221,3.51,0.89,3.98,80
1554,3.65,0.02,4.19,84
1222,3.45,-0.17,3.98,81
1555,3.64,-0.8,4.19,86
1223,3.57,0.92,3.98,84
1556,3.69,-0.95,4.19,88
1224,3.44,-0.05,3.98,82
1557,3.68,0.12,4.19,83
1225,3.53,0.89,3.98,80
1558,3.77,1.11,4.19,86
1226,3.45,0.12,3.98,80
1559,3.64,0.13,4.19,82
1227,3.53,0.55,3.98,81
1560,3.75,1.09,4.19,83
1228,3.52,0.95,3.98,80
1561,3.79,0.15,4.19,88
1229,3.49,-0.65,3.98,81
1562,3.62,0.02,4.19,81
1230,3.6,0.3,3.98,83
1563,3.69,0.5,4.19,83
1231,3.5,-0.06,3.98,82
1564,3.57,-0.95,4.19,82
1232,3.56,0.92,3.98,80
1565,3.65,0.13,4.19,84
1233,3.43,-0.96,3.98,81
1566,3.7,0.59,4.19,83
1234,3.57,0.52,3.98,83
1567,3.59,-0.79,4.19,82
1235,3.49,0.03,3.98,81
1568,3.73,0.54,4.19,82
1236,3.48,-0.52,3.98,81
1569,3.84,0.61,4.19,88
1237,3.49,-0.05,3.98,81
1238,3.46,-0.11,3.98,82
1570,3.64,-0.86,4.19,88
1239,3.5,0.37,3.98,80
1571,3.68,-1.03,4.19,88
1240,3.5,0.47,3.98,83
1572,3.74,0.09,4.19,84
1573,3.53,-0.91,4.19,83
1241,3.42,-0.58,3.98,81
1574,3.71,-0.98,4.19,84
1242,3.52,0.85,3.98,83
1575,3.77,0.61,4.19,86
1243,3.55,-0.02,3.98,82
1576,3.68,-0.03,4.19,85
1244,3.5,-0.35,3.98,81
1245,3.47,0.04,3.98,80
1577,3.74,0.3,4.19,84
1246,3.55,1.05,3.98,82
1578,3.73,0.43,4.19,84
1247,3.64,0.46,3.98,84
1579,3.73,0.15,4.19,87
1580,3.68,-0.8,4.19,84
1248,3.5,-1.11,3.98,82
1581,3.83,1.07,4.19,88
1249,3.52,-0.77,3.98,81
1582,3.63,-0.89,4.19,84
1250,3.52,-0.27,3.98,82
1251,3.55,0.84,3.98,80
1583,3.75,-0.01,4.19,86
1252,3.55,-0.43,3.98,84
1584,3.65,-0.35,4.19,85
1253,3.6,1.06,3.98,83
1585,3.69,0.05,4.19,84
1254,3.5,-0.54,3.98,83
1586,3.61,0.12,4.19,81
1587,3.7,-0.03,4.19,86
1255,3.5,-1.02,3.98,82
1588,3.68,0.63,4.19,84
1256,3.56,-0.73,3.98,85
1589,3.68,0.15,4.19,83
